SIRUTA,Anul
1017,2017
1071,2021
1151,2008
1213,2008
1348,2019
1455,2008
1696,2018
1794,2013
1874,2015
1936,2015
2130,2019
2309,2021
2381,2015
2577,2020
2915,2008
2988,2012
3039,2021
3397,2008
3459,2018
3761,2016
3805,2021
3958,2018
4008,2016
4106,2021
4142,2021
4188,2021
4240,2016
4268,2012
4302,2021
4366,2021
4482,2021
4525,2009
4703,2021
4767,2021
4927,2009
4981,2021
5103,2008
5167,2020
5210,2019
5309,2021
5336,2021
5577,2021
5700,2014
5755,2008
5826,2008
6048,2016
6119,2019
6164,2019
6217,2017
6271,2021
6397,2010
6468,2012
6547,2013
6592,2020
6627,2020
6761,2013
6930,2017
6976,2015
7044,2021
7099,2013
7197,2016
7348,2008
7384,2011
7446,2021
7767,2021
7810,2016
7865,2011
7945,2021
8014,2021
8096,2021
8158,2021
8229,2011
8354,2008
8425,2021
8826,2011
9019,2013
9026,2021
9262,2012
9280,2019
9333,2021
9360,2019
9397,2021
9459,2017
9495,2017
9538,2008
9574,2018
9627,2010
9654,2019
9690,2019
9743,2016
9798,2021
9832,2018
9887,2014
9930,2008
10006,2021
10051,2019
10104,2018
10195,2021
10239,2021
10293,2017
10346,2020
10373,2020
10417,2021
10453,2018
10514,2018
10532,2021
10649,2010
10701,2011
10765,2016
10827,2021
10872,2013
10916,2014
10943,2008
11058,2020
11174,2021
11236,2021
11307,2014
11352,2021
11398,2018
11423,2008
11478,2019
11502,2010
11539,2016
11584,2018
11637,2021
11664,2020
11735,2021
11762,2012
11842,2021
11940,2010
11995,2021
12037,2019
12055,2011
12091,2015
12126,2015
12144,2018
12206,2021
12224,2013
12242,2017
12288,2016
12340,2021
12368,2017
12402,2011
12457,2021
12509,2017
12572,2019
12643,2020
12689,2012
12778,2021
12812,2013
12849,2018
12876,2018
12912,2015
12920,2021
12938,2021
13169,2017
13187,2018
13276,2018
13301,2011
13365,2021
13392,2018
13490,2017
13524,2020
13622,2009
13668,2018
13757,2018
13819,2021
13891,2020
13935,2021
13999,2017
14049,2019
14085,2015
14165,2021
14272,2013
14352,2018
14405,2019
14450,2012
14584,2021
14673,2008
14726,2021
14753,2020
14851,2021
14922,2011
14940,2012
15064,2020
15108,2018
15233,2019
15313,2014
15402,2015
15448,2020
15493,2021
15554,2021
15652,2008
15741,2021
15830,2017
15901,2012
15983,2017
16132,2021
16285,2011
16329,2021
16365,2018
16427,2021
16454,2021
16472,2014
16506,2019
16551,2011
16613,2021
16659,2021
16739,2019
16757,2014
16908,2017
16944,2019
17049,2021
17101,2017
17209,2019
17254,2021
17334,2018
17398,2015
17423,2019
17496,2019
17575,2015
17619,2009
17726,2018
17771,2017
17824,2021
17851,2020
17913,2021
17968,2008
18028,2017
18162,2020
18242,2021
18331,2013
18411,2021
18475,2020
18527,2016
18554,2021
18581,2020
18670,2019
18741,2019
18778,2021
18858,2019
18938,2008
19007,2019
19114,2012
19141,2020
19212,2021
19249,2017
19338,2019
19392,2018
19560,2016
19631,2012
19695,2021
19793,2020
19999,2011
20048,2021
20055,2021
20063,2017
20297,2021
20313,2021
20359,2021
20411,2021
20466,2021
20563,2008
20607,2011
20670,2008
20778,2018
20821,2011
20876,2008
20910,2021
20965,2010
21007,2021
21098,2008
21123,2021
21196,2020
21249,2021
21338,2012
21418,2019
21454,2020
21506,2020
21560,2008
21597,2008
21668,2021
21720,2021
21757,2019
21855,2021
21891,2021
21971,2020
22059,2010
22111,2021
22166,2013
22237,2016
22380,2012
22460,2021
22488,2019
22576,2021
22665,2011
22718,2016
22781,2018
22834,2021
22898,2021
22941,2020
23047,2018
23127,2011
23207,2021
23289,2019
23350,2011
23387,2019
23449,2021
23494,2021
23644,2008
23715,2021
23797,2009
23868,2021
23948,2016
23975,2017
24034,2021
24089,2019
24187,2021
24276,2020
24338,2021
24427,2015
24524,2021
24631,2021
24711,2021
24766,2021
24837,2018
24999,2020
25068,2021
25148,2019
25228,2021
25291,2018
25362,2021
25488,2011
25521,2021
25629,2016
25692,2012
25745,2013
25825,2020
25861,2021
25932,2021
26029,2021
26083,2021
26118,2021
26289,2008
26320,2015
26338,2021
26346,2021
26353,2008
26361,2008
26379,2017
26564,2012
26582,2021
26653,2019
26699,2014
26742,2008
26804,2012
26840,2008
26877,2012
26920,2015
26975,2016
27007,2008
27070,2008
27169,2018
27212,2021
27285,2019
27329,2010
27383,2020
27436,2011
27506,2011
27560,2019
27631,2009
27686,2019
27757,2008
27846,2019
27908,2021
27935,2021
27971,2021
28077,2015
28139,2021
28193,2016
28246,2014
28335,2021
28415,2014
28497,2016
28530,2021
28610,2008
28665,2021
28709,2020
28763,2019
28816,2016
28889,2018
28941,2021
29001,2018
29038,2014
29092,2016
29154,2019
29243,2008
29341,2021
29403,2019
29467,2020
29519,2021
29573,2021
29662,2020
29724,2021
29760,2015
29813,2021
29902,2021
29948,2016
30014,2015
30069,2021
30149,2021
30229,2013
30274,2020
30336,2012
30416,2020
30470,2013
30568,2011
30648,2018
30719,2021
30773,2021
30844,2021
30871,2021
30915,2008
30988,2019
31011,2021
31057,2011
31128,2011
31208,2016
31262,2021
31333,2021
31379,2021
31422,2015
31510,2012
31565,2021
31609,2019
31654,2019
31716,2020
31789,2021
31841,2021
31878,2018
31921,2021
31976,2017
32027,2008
32045,2020
32090,2021
32153,2016
32161,2019
32179,2021
32187,2020
32195,2018
32201,2021
32394,2009
32483,2009
32544,2018
32599,2021
32633,2021
32660,2020
32704,2020
32768,2020
32811,2021
32884,2016
32955,2021
33015,2020
33122,2021
33177,2021
33202,2021
33248,2021
33275,2021
33337,2021
33364,2021
33382,2016
33435,2021
33514,2021
33541,2021
33603,2015
33621,2021
33658,2021
33729,2015
33765,2020
33845,2012
33881,2014
33952,2020
33989,2021
34075,2019
34155,2021
34173,2021
34235,2021
34262,2020
34280,2021
34333,2021
34360,2021
34397,2014
34422,2021
34477,2012
34547,2021
34618,2013
34645,2021
34690,2021
34770,2020
34850,2020
34903,2011
34985,2014
35054,2014
35090,2021
35152,2021
35269,2021
35312,2008
35429,2020
35731,2009
35759,2009
35839,2021
35884,2011
35946,2021
36006,2008
36060,2011
36131,2020
36202,2014
36300,2021
36373,2020
36426,2021
36453,2016
36499,2020
36532,2020
36569,2021
36649,2021
36676,2021
36756,2021
36809,2012
36907,2020
36952,2021
37011,2010
37057,2014
37100,2016
37173,2008
37217,2008
37280,2020
37324,2016
37397,2011
37459,2011
37547,2008
37618,2015
37672,2021
37734,2019
37770,2021
37823,2012
37850,2021
37912,2021
37958,2012
38063,2008
38161,2021
38241,2021
38321,2008
38376,2021
38456,2020
38492,2008
38544,2018
38580,2010
38633,2016
38679,2021
38731,2021
38811,2021
38848,2016
38893,2021
38982,2012
39051,2016
39122,2021
39168,2020
39220,2021
39266,2018
39328,2012
39391,2021
39417,2019
39532,2019
39612,2019
39658,2021
39694,2020
39738,2021
39792,2008
39836,2021
39872,2019
39942,2019
39959,2013
39967,2020
39975,2021
39983,2020
40198,2018
40214,2019
40241,2018
40278,2008
40303,2008
40367,2018
40394,2019
40438,2008
40465,2008
40492,2011
40526,2008
40544,2021
40606,2016
40633,2019
40688,2021
40704,2021
40768,2021
40820,2008
40857,2016
40900,2018
40928,2021
40955,2021
40991,2019
41033,2019
41088,2013
41113,2016
41177,2012
41248,2021
41284,2020
41346,2016
41382,2017
41417,2015
41471,2019
41541,2013
41578,2011
41621,2019
41667,2021
41701,2011
41738,2016
41818,2018
41854,2019
41925,2021
41943,2020
42003,2021
42058,2008
42076,2021
42101,2010
42156,2013
42183,2019
42236,2020
42307,2013
42398,2021
42449,2021
42456,2017
42464,2021
42472,2021
42480,2021
42498,2017
42682,2011
42708,2021
42753,2011
42771,2021
42824,2016
42842,2019
42913,2013
42968,2018
43019,2021
43073,2019
43117,2017
43180,2021
43242,2021
43279,2011
43313,2017
43331,2011
43411,2021
43466,2011
43493,2011
43563,2015
43625,2017
43652,2011
43698,2008
43732,2016
43787,2017
43812,2011
43867,2020
43929,2019
43992,2018
44060,2013
44113,2019
44140,2021
44177,2014
44202,2010
44257,2021
44300,2018
44328,2021
44355,2015
44391,2010
44435,2018
44462,2019
44505,2021
44532,2019
44560,2020
44818,2011
44845,2010
44863,2019
44934,2020
44989,2019
45003,2021
45101,2008
45245,2012
45334,2019
45361,2019
45389,2021
45496,2021
45539,2021
45619,2019
45673,2021
45753,2021
45815,2013
45888,2013
45959,2008
46019,2021
46108,2021
46180,2008
46251,2020
46313,2016
46377,2020
46439,2021
46484,2017
46554,2020
46769,2021
46803,2021
46830,2020
46867,2018
46910,2012
47006,2011
47079,2021
47159,2019
47186,2020
47300,2021
47337,2021
47373,2020
47417,2009
47453,2021
47578,2020
47630,2021
47774,2020
47818,2020
47854,2013
47916,2008
48021,2020
48138,2021
48227,2020
48325,2019
48487,2021
48557,2012
48682,2011
48744,2021
48771,2010
48842,2012
48922,2014
48968,2019
49019,2014
49046,2012
49073,2018
49153,2016
49206,2021
49233,2011
49313,2011
49439,2016
49484,2012
49545,2021
49625,2018
49643,2021
49769,2013
49849,2018
49894,2021
49956,2021
50022,2011
50068,2008
50102,2011
50228,2018
50326,2008
50399,2019
50415,2018
50479,2016
50549,2008
50564,2021
50790,2008
50889,2010
50923,2008
50969,2008
50987,2017
51010,2008
51056,2015
51118,2011
51207,2012
51243,2018
51305,2017
51332,2012
51387,2021
51449,2019
51500,2008
51546,2014
51573,2015
51626,2013
51662,2011
51699,2018
51751,2020
51804,2021
51840,2018
51877,2015
51948,2011
51984,2008
52035,2012
52062,2010
52115,2021
52160,2011
52570,2021
52650,2019
52696,2015
52721,2018
52758,2021
52785,2016
52856,2020
52909,2019
52936,2019
52954,2019
52990,2008
53023,2016
53069,2012
53103,2012
53130,2009
53167,2018
53210,2018
53247,2021
53274,2021
53327,2013
53345,2010
53372,2020
53425,2021
53489,2010
53513,2009
53577,2014
53639,2011
53675,2015
53700,2011
53728,2011
53755,2021
53791,2021
53853,2021
54056,2008
54109,2021
54163,2008
54270,2012
54305,2011
54350,2021
54387,2017
54412,2015
54485,2019
54500,2012
54537,2021
54573,2015
54617,2008
54699,2016
54975,2019
55008,2019
55062,2021
55106,2019
55160,2021
55259,2008
55277,2018
55311,2021
55357,2008
55384,2008
55446,2011
55473,2008
55598,2019
55623,2019
55687,2021
55776,2020
55838,2021
55918,2020
56014,2021
56096,2008
56210,2021
56265,2011
56327,2013
56354,2020
56425,2021
56461,2019
56522,2018
56568,2014
56666,2020
56773,2021
56844,2019
56988,2021
57083,2018
57163,2017
57225,2021
57314,2019
57350,2013
57449,2019
57546,2021
57582,2020
57644,2014
57706,2021
57742,2013
57831,2021
57902,2017
57948,2018
58008,2016
58142,2019
58204,2010
58259,2021
58311,2019
58357,2017
58393,2019
58464,2017
58534,2021
58552,2021
58623,2008
58721,2021
58794,2013
58856,2008
58918,2018
58990,2014
59041,2012
59130,2016
59238,2021
59283,2020
59327,2010
59416,2019
59434,2021
59498,2021
59586,2017
59657,2011
59693,2021
59764,2016
59826,2020
59880,2021
59942,2021
60026,2012
60062,2019
60099,2020
60169,2018
60419,2009
60455,2012
60482,2014
60507,2008
60534,2015
60570,2021
60598,2021
60632,2016
60687,2021
60721,2014
60776,2008
60801,2012
60847,2008
60883,2020
60945,2011
61005,2021
61069,2019
61121,2020
61167,2018
61210,2016
61256,2021
61283,2017
61318,2010
61372,2017
61452,2011
61513,2019
61559,2020
61620,2019
61675,2018
61737,2019
61808,2011
61826,2021
61871,2017
61951,2019
62020,2011
62057,2018
62137,2021
62191,2009
62253,2021
62280,2021
62360,2012
62397,2014
62440,2014
62486,2016
62538,2009
62609,2021
62672,2010
62707,2021
62761,2014
62798,2021
62823,2016
62878,2017
62903,2018
62949,2020
62985,2019
63045,2011
63072,2012
63125,2021
63152,2021
63161,2016
63170,2015
63189,2020
63198,2018
63278,2019
63286,2021
63294,2021
63300,2020
63318,2008
63326,2011
63334,2011
63394,2009
63447,2016
63526,2008
63553,2017
63580,2021
63633,2020
63688,2019
63740,2011
63777,2019
63802,2016
63866,2011
63893,2008
63937,2021
64005,2011
64041,2008
64096,2008
64130,2008
64194,2021
64238,2009
64265,2020
64318,2021
64345,2021
64390,2008
64425,2008
64461,2013
64504,2021
64568,2019
64602,2011
64639,2016
64719,2015
64773,2021
64826,2018
64871,2019
64906,2019
64942,2009
64997,2008
65011,2011
65048,2021
65099,2011
65105,2018
65113,2021
65121,2010
65139,2021
65147,2008
65154,2008
65342,2008
65379,2008
65413,2013
65431,2011
65477,2013
65501,2009
65609,2008
65645,2021
65681,2021
65707,2019
65752,2019
65841,2009
65869,2021
65921,2019
66009,2019
66081,2015
66152,2021
66198,2021
66223,2021
66330,2016
66401,2016
66438,2021
66474,2021
66526,2013
66580,2021
66697,2021
66731,2021
66768,2017
66857,2020
66955,2021
67014,2020
67121,2017
67167,2019
67256,2015
67292,2021
67327,2021
67407,2020
67470,2021
67522,2021
67595,2020
67648,2016
67675,2008
67737,2008
67773,2019
67835,2021
67906,2017
67942,2021
68002,2019
68048,2020
68128,2021
68182,2021
68253,2013
68280,2017
68324,2021
68342,2021
68404,2016
68431,2011
68468,2019
68529,2011
68565,2021
68627,2013
68716,2010
68789,2021
68887,2021
68921,2021
68976,2021
69063,2019
69170,2017
69250,2020
69303,2019
69330,2010
69394,2020
69447,2021
69526,2021
69615,2021
69900,2019
69964,2008
70094,2015
70110,2011
70174,2021
70316,2015
70352,2008
70414,2008
70502,2014
70520,2018
70566,2021
70637,2021
70673,2018
70726,2016
70744,2021
70879,2011
70897,2009
70940,2021
70986,2010
71055,2018
71126,2021
71199,2008
71260,2019
71340,2013
71457,2020
71518,2020
71536,2020
71572,2021
71607,2020
71634,2020
71698,2021
71723,2021
71787,2017
71812,2021
71858,2021
71885,2019
71910,2013
71956,2020
72007,2009
72034,2009
72052,2015
72098,2018
72150,2012
72221,2018
72276,2020
72383,2021
72409,2021
72463,2021
72506,2021
72533,2020
72579,2021
72604,2019
72640,2013
72677,2011
72819,2012
72882,2021
72926,2012
72953,2014
72980,2020
73013,2021
73031,2020
73068,2021
73102,2018
73246,2021
73317,2021
73335,2020
73371,2012
73460,2020
73503,2013
73567,2016
73594,2020
73629,2021
73665,2011
73709,2021
73736,2009
73772,2021
73852,2018
73905,2020
73923,2020
73996,2018
74028,2021
74073,2020
74108,2020
74135,2015
74171,2012
74224,2019
74242,2020
74322,2019
74359,2015
74411,2021
74509,2019
74536,2021
74554,2020
74581,2021
74616,2015
74705,2021
74732,2021
74750,2012
74842,2011
74859,2019
74867,2014
74875,2015
74883,2021
74891,2021
74907,2011
74915,2015
74923,2021
74931,2021
74949,2021
74956,2014
75098,2008
75114,2021
75150,2021
75203,2008
75221,2017
75258,2021
75338,2010
75356,2020
75472,2019
75515,2021
75542,2019
75613,2012
75668,2020
75686,2018
75711,2021
75766,2020
75819,2018
75864,2018
75917,2021
75953,2021
76004,2019
76040,2021
76111,2016
76139,2021
76157,2015
76175,2021
76255,2021
76282,2020
76317,2014
76353,2021
76406,2021
76497,2019
76558,2016
76585,2017
76601,2020
76638,2019
76674,2008
76692,2021
76718,2021
76745,2011
76763,2018
76807,2017
76932,2010
76969,2017
76996,2021
77028,2012
77082,2013
77126,2021
77153,2017
77180,2021
77224,2020
77260,2021
77288,2012
77313,2021
77331,2008
77377,2012
77402,2021
77475,2021
77509,2021
77536,2019
77561,2021
77579,2019
77587,2019
77595,2014
77601,2020
77812,2012
77910,2021
78016,2021
78089,2020
78141,2011
78258,2021
78329,2010
78454,2010
78472,2021
78542,2017
78604,2017
78668,2021
78711,2021
78748,2021
78828,2011
78873,2021
78926,2021
79004,2012
79077,2021
79157,2021
79237,2010
79308,2014
79362,2021
79406,2017
79497,2021
79585,2011
79656,2020
79736,2021
79834,2021
79932,2021
80043,2017
80123,2010
80249,2010
80285,2008
80365,2014
80427,2008
80506,2021
80560,2021
80613,2010
80677,2021
80711,2009
80766,2012
80846,2008
80908,2021
80980,2021
81095,2008
81184,2016
81264,2021
81380,2021
81415,2010
81497,2010
81576,2012
81656,2021
81754,2021
81816,2020
81861,2021
81987,2021
82047,2021
82136,2018
82243,2017
82314,2021
82396,2021
82430,2015
82555,2020
82617,2010
82680,2016
82733,2021
82779,2021
82831,2016
82895,2010
83133,2008
83151,2021
83197,2021
83320,2008
83375,2018
83428,2008
83464,2011
83491,2020
83525,2011
83561,2008
83632,2008
83749,2021
83785,2016
83847,2017
83936,2021
83963,2021
83981,2008
84086,2008
84102,2008
84148,2013
84175,2008
84237,2015
84264,2021
84344,2012
84380,2015
84415,2008
84460,2008
84558,2021
84594,2008
84629,2018
84656,2015
84754,2012
84825,2019
84923,2008
85056,2021
85074,2021
85127,2021
85243,2018
85289,2017
85341,2017
85412,2008
85467,2019
85528,2021
85582,2016
85626,2021
85680,2019
85760,2021
85788,2021
85840,2020
85877,2021
85920,2019
85984,2020
86133,2008
86188,2008
86222,2013
86311,2021
86339,2011
86366,2017
86438,2017
86446,2017
86453,2021
86461,2019
86479,2008
86487,2017
86495,2008
86501,2014
86519,2008
86687,2008
86749,2021
86810,2008
86883,2020
86936,2018
86990,2008
87059,2008
87077,2021
87139,2021
87175,2012
87219,2011
87246,2019
87291,2011
87362,2015
87424,2008
87576,2008
87638,2021
87665,2008
87745,2011
87843,2008
87996,2008
88047,2021
88092,2017
88261,2021
88350,2019
88449,2021
88546,2012
88644,2021
88788,2017
88868,2021
88920,2008
89026,2021
89080,2020
89151,2021
89240,2017
89348,2016
89428,2008
89561,2019
89687,2014
89801,2012
89856,2021
89954,2008
90066,2008
90119,2020
90208,2017
90262,2020
90342,2017
90431,2013
90538,2015
90663,2020
90725,2018
90805,2011
90878,2021
90994,2020
91054,2016
91116,2008
91232,2008
91330,2009
91447,2017
91535,2016
91624,2021
91688,2009
91731,2021
91795,2008
91937,2021
91982,2011
92097,2013
92177,2021
92569,2011
92587,2018
92658,2011
92701,2011
92765,2008
92783,2015
92836,2013
92872,2009
92907,2016
92961,2018
92989,2019
93021,2014
93067,2016
93085,2021
93101,2018
93156,2019
93209,2020
93236,2019
93281,2021
93325,2016
93370,2021
93441,2012
93487,2021
93539,2017
93575,2018
93600,2021
93628,2008
93646,2015
93664,2021
93717,2015
93735,2013
93771,2014
93815,2011
93851,2010
93888,2015
93931,2021
93995,2018
94045,2020
94081,2015
94107,2021
94125,2020
94161,2020
94223,2018
94269,2019
94312,2013
94330,2018
94376,2019
94429,2021
94456,2016
94492,2011
94535,2016
94562,2019
94580,2018
94606,2020
94651,2010
94688,2021
94731,2019
94768,2020
94795,2021
95060,2019
95088,2021
95159,2021
95239,2021
95293,2021
95355,2008
95391,2008
95471,2020
95499,2021
95612,2021
95667,2018
95747,2018
95792,2021
95872,2013
95943,2013
96003,2021
96058,2019
96110,2021
96147,2014
96192,2015
96254,2021
96334,2008
96370,2020
96423,2020
96478,2018
96593,2017
96637,2019
96664,2021
96717,2021
96815,2011
96888,2021
96904,2020
96940,2020
97009,2017
97063,2021
97090,2021
97189,2021
97241,2008
97321,2020
97394,2021
97438,2021
97465,2019
97517,2008
97553,2020
97606,2018
97679,2021
97722,2008
97777,2009
97811,2008
97875,2021
97919,2021
98051,2019
98113,2008
98168,2020
98202,2019
98220,2021
98257,2018
98300,2008
98337,2021
98373,2021
98435,2021
98505,2020
98603,2018
98649,2021
98685,2021
98738,2020
98774,2021
98827,2021
98916,2021
98998,2016
99058,2018
99101,2020
99165,2009
99209,2009
99290,2017
99370,2017
99441,2008
99478,2018
99539,2021
99600,2020
99673,2021
99780,2012
99879,2021
99922,2020
99968,2021
100004,2012
100086,2011
100148,2008
100219,2021
100273,2020
100282,2020
100308,2021
100317,2021
100326,2021
100335,2018
100344,2014
100353,2021
100362,2021
100521,2011
100549,2017
100576,2008
100610,2012
100638,2015
100683,2010
100709,2020
100736,2018
100754,2018
100781,2011
100834,2021
100852,2019
100870,2020
100923,2017
100969,2016
101001,2012
101056,2017
101083,2021
101145,2021
101163,2021
101190,2020
101243,2016
101298,2021
101341,2021
101378,2020
101458,2010
101519,2021
101564,2019
101617,2020
101662,2021
101724,2021
101742,2017
101804,2015
101822,2011
101840,2021
101902,2016
101957,2019
101984,2021
102035,2019
102071,2021
102106,2017
102160,2018
102213,2016
102240,2008
102286,2013
102348,2021
102419,2015
102446,2021
102473,2021
102525,2015
102543,2018
102570,2021
102605,2020
102641,2021
102703,2021
102749,2019
102794,2020
102838,2019
102909,2016
102945,2008
103014,2021
103032,2010
103087,2020
103130,2019
103194,2013
103238,2020
103283,2011
103309,2013
103354,2011
103372,2018
103407,2014
103443,2015
103470,2008
103513,2008
103568,2021
103639,2021
103693,2021
103764,2019
103862,2020
103899,2008
103960,2021
103997,2017
104047,2020
104083,2019
104118,2021
104136,2011
104181,2012
104225,2021
104243,2021
104270,2020
104323,2020
104341,2021
104387,2019
104421,2015
104485,2021
104519,2010
104546,2010
104582,2021
104635,2021
104680,2021
104715,2013
104751,2021
104788,2009
104831,2021
104886,2021
104975,2011
105026,2014
105106,2020
105142,2021
105160,2013
105222,2021
105259,2021
105295,2021
105348,2017
105384,2019
105419,2021
105455,2012
105534,2021
105570,2019
105605,2021
105623,2020
105712,2008
105776,2021
105794,2020
105829,2011
105874,2021
105909,2021
105936,2014
105972,2020
106318,2008
106363,2021
106407,2018
106461,2021
106559,2008
106620,2021
106648,2021
106684,2009
106746,2015
106782,2021
106817,2016
106979,2019
107001,2016
107047,2019
107083,2012
107118,2021
107154,2011
107190,2016
107234,2020
107270,2009
107314,2021
107350,2021
107403,2020
107430,2021
107485,2020
107519,2020
107546,2021
107582,2021
107662,2021
107715,2010
107733,2021
107868,2021
107920,2021
107975,2021
108017,2021
108035,2019
108106,2021
108151,2021
108204,2017
108222,2021
108240,2021
108268,2021
108348,2019
108366,2020
108400,2021
108455,2019
108473,2020
108491,2021
108552,2008
108598,2016
108614,2021
108632,2021
108669,2021
108696,2020
108712,2018
108794,2020
108874,2021
108892,2021
108918,2008
108945,2013
108963,2008
109005,2008
109041,2021
109096,2021
109176,2021
109265,2016
109354,2017
109425,2008
109504,2021
109773,2008
109826,2009
109924,2011
110027,2011
110063,2008
110116,2011
110232,2008
110296,2020
110456,2018
110535,2017
110571,2019
110688,2018
110740,2020
110820,2013
110875,2020
110946,2011
111006,2012
111097,2021
111220,2021
111275,2019
111417,2020
111444,2017
111480,2021
111550,2015
111685,2012
111783,2017
111818,2014
111863,2019
111916,2018
111989,2021
112030,2010
112076,2011
112129,2018
112245,2021
112263,2021
112334,2013
112370,2015
112469,2021
112548,2021
112600,2019
112664,2020
112744,2021
112771,2009
112806,2016
112879,2010
112904,2021
112959,2014
112995,2014
113153,2017
113206,2015
113233,2021
113395,2015
113466,2014
113493,2019
113518,2011
113607,2012
113625,2012
113698,2016
113732,2009
113849,2015
113894,2019
113929,2016
113974,2015
114060,2020
114079,2014
114319,2008
114355,2021
114382,2021
114417,2019
114453,2021
114514,2008
114603,2020
114710,2019
114809,2013
114854,2018
114925,2008
114970,2015
115076,2011
115147,2008
115183,2008
115236,2020
115307,2020
115389,2018
115520,2021
115575,2015
115600,2021
115637,2019
115708,2016
115771,2021
115824,2021
115851,2019
115897,2018
115959,2021
116046,2021
116126,2009
116171,2018
116224,2011
116288,2021
116340,2021
116395,2021
116439,2008
116493,2009
116545,2021
116590,2021
116652,2008
116723,2021
116796,2021
116867,2021
116938,2021
116983,2021
117042,2021
117113,2021
117177,2009
117275,2021
117319,2018
117426,2021
117505,2019
117550,2021
117667,2020
117783,2008
117827,2008
117925,2008
117998,2016
118058,2008
118094,2013
118209,2015
118281,2019
118370,2019
118469,2008
118511,2016
118575,2013
118637,2017
118691,2021
118753,2008
118799,2019
118824,2020
118931,2019
118995,2021
119153,2021
119206,2019
119242,2021
119331,2013
119386,2010
119466,2021
119527,2018
119590,2012
119625,2013
119661,2008
119723,2018
119750,2020
119803,2011
119858,2014
119894,2020
119974,2019
120076,2008
120138,2021
120174,2008
120218,2021
120254,2021
120316,2020
120343,2009
120370,2012
120478,2016
120487,2009
120496,2021
120502,2016
120511,2020
120726,2011
120771,2017
120824,2011
120860,2008
120888,2021
120922,2019
120968,2021
121055,2008
121108,2017
121153,2015
121242,2015
121297,2019
121340,2021
121386,2019
121466,2011
121607,2019
121652,2021
121732,2021
121796,2020
121876,2016
121938,2015
122025,2011
122061,2019
122132,2016
122187,2019
122249,2021
122285,2019
122347,2021
122392,2015
122463,2017
122551,2011
122613,2015
122668,2012
122702,2019
122828,2021
122864,2008
122908,2013
122953,2015
123013,2019
123102,2021
123175,2021
123228,2019
123255,2010
123371,2019
123424,2011
123479,2019
123521,2021
123601,2021
123674,2021
123709,2021
123790,2008
123914,2020
123969,2019
124028,2019
124073,2018
124117,2021
124153,2013
124206,2019
124233,2017
124331,2012
124411,2012
124493,2008
124563,2019
124616,2008
124634,2021
124661,2019
124723,2020
124750,2021
124803,2008
124849,2008
124885,2021
124938,2012
125016,2008
125061,2015
125098,2008
125105,2017
125114,2021
125123,2020
125132,2021
125141,2011
125150,2021
125169,2012
125178,2014
125347,2018
125374,2019
125418,2008
125472,2008
125490,2020
125542,2021
125588,2020
125622,2010
125659,2021
125677,2015
125757,2019
125846,2017
125873,2021
125962,2021
125999,2016
126022,2012
126077,2017
126102,2020
126148,2021
126166,2020
126228,2021
126326,2021
126380,2021
126406,2016
126433,2021
126503,2021
126585,2009
126647,2019
126674,2021
126718,2021
126772,2021
126825,2013
126905,2019
126978,2017
127019,2021
127064,2021
127126,2021
127144,2019
127171,2021
127224,2021
127251,2021
127288,2021
127322,2012
127368,2021
127386,2020
127411,2019
127493,2020
127536,2021
127563,2020
127625,2010
127689,2016
127714,2021
127750,2020
127812,2008
127858,2017
127901,2011
127938,2021
127983,2021
128052,2020
128105,2008
128178,2021
128221,2021
128301,2015
128374,2008
128436,2016
128472,2020
128524,2016
128560,2019
128588,2021
128613,2012
128659,2016
128711,2008
128864,2018
128882,2009
128962,2019
129040,2017
129095,2017
129111,2020
129139,2021
129184,2021
129246,2021
129282,2019
129317,2016
129380,2009
129460,2021
129503,2009
129567,2021
129585,2018
129629,2021
129656,2019
129718,2018
129745,2020
129763,2020
129816,2015
129898,2021
129914,2021
129987,2021
130026,2017
130062,2020
130124,2015
130231,2013
130286,2013
130295,2021
130302,2016
130311,2018
130320,2021
130339,2018
130348,2018
130357,2020
130366,2014
130375,2008
130384,2021
130534,2009
130552,2020
130614,2021
130678,2019
130712,2021
130785,2021
130847,2016
130892,2020
130954,2009
130981,2020
131069,2019
131103,2008
131210,2009
131256,2008
131274,2008
131336,2008
131407,2019
131443,2008
131461,2012
131540,2008
131577,2011
131620,2021
131817,2009
131835,2021
131899,2008
131933,2013
131988,2013
132011,2020
132075,2021
132137,2021
132164,2014
132226,2021
132271,2020
132315,2017
132342,2020
132379,2008
132404,2008
132459,2019
132486,2021
132510,2010
132574,2019
132645,2019
132681,2021
132716,2021
132752,2021
132805,2021
132841,2016
132896,2016
133018,2011
133090,2021
133161,2021
133214,2016
133278,2020
133330,2011
133394,2021
133429,2016
133508,2019
133562,2018
133615,2011
133688,2008
133722,2021
133795,2021
133866,2021
133919,2021
133964,2021
134014,2021
134050,2015
134096,2008
134194,2013
134336,2008
134390,2019
134443,2019
134559,2020
134648,2021
134755,2021
134853,2021
134899,2021
134942,2009
135020,2011
135128,2019
135146,2021
135164,2011
135226,2020
135244,2021
135315,2020
135404,2011
135431,2009
135501,2021
135547,2021
135618,2012
135654,2019
135681,2021
135725,2014
135789,2012
135850,2021
135896,2016
135949,2008
136107,2021
136134,2021
136198,2012
136241,2019
136250,2021
136269,2021
136278,2021
136483,2014
136526,2018
136553,2017
136599,2011
136642,2017
136713,2015
136768,2018
136802,2011
136848,2015
136919,2020
136964,2016
137032,2020
137069,2011
137103,2013
137130,2021
137185,2018
137229,2021
137274,2021
137292,2021
137363,2008
137407,2011
137443,2013
137504,2011
137540,2020
137611,2010
137675,2018
137728,2019
137746,2021
137764,2016
137844,2013
137899,2021
137960,2021
138039,2021
138084,2021
138164,2011
138208,2010
138280,2021
138351,2019
138431,2020
138501,2021
138538,2019
138574,2021
138618,2021
138663,2021
138734,2017
138770,2018
138805,2020
138869,2013
138921,2021
139009,2018
139054,2018
139107,2021
139143,2010
139170,2021
139214,2010
139250,2019
139287,2008
139330,2008
139358,2021
139394,2018
139704,2009
139740,2017
139811,2011
139884,2011
139937,2021
139982,2021
140084,2021
140146,2019
140208,2021
140244,2008
140280,2016
140324,2016
140379,2020
140440,2017
140477,2016
140501,2012
140547,2021
140583,2016
140627,2014
140672,2017
140770,2021
140823,2008
140869,2016
140958,2019
141027,2021
141081,2008
141134,2020
141232,2021
141312,2017
141376,2008
141447,2021
141535,2013
141580,2020
141722,2012
141786,2012
141884,2020
141946,2016
142006,2021
142079,2018
142122,2020
142177,2019
142239,2021
142284,2021
142337,2021
142373,2021
142426,2016
142499,2017
142550,2014
142612,2018
142676,2021
142710,2017
142774,2014
142854,2019
142881,2018
142952,2019
143021,2014
143067,2021
143147,2020
143450,2013
143487,2021
143502,2012
143520,2021
143557,2021
143619,2015
143646,2019
143682,2008
143735,2019
143771,2008
143806,2014
143851,2021
143888,2021
143922,2020
143959,2021
143995,2014
144054,2008
144116,2021
144152,2021
144198,2011
144232,2016
144303,2008
144349,2015
144376,2019
144410,2008
144456,2019
144508,2018
144535,2019
144553,2008
144599,2018
144615,2021
144651,2016
144713,2021
144731,2015
144795,2021
144866,2020
144893,2021
144928,2010
144964,2017
144991,2020
145042,2019
145104,2012
145140,2011
145202,2021
145220,2021
145275,2013
145293,2021
145355,2015
145382,2016
145408,2018
145471,2008
145499,2012
145603,2017
145667,2018
145738,2019
145765,2020
145792,2021
145827,2018
145907,2015
145934,2021
145961,2018
145998,2021
146012,2021
146021,2020
146263,2019
146281,2021
146325,2016
146370,2021
146432,2018
146502,2008
146539,2017
146584,2019
146628,2008
146655,2008
146708,2021
146744,2008
146799,2021
146860,2021
146904,2021
146931,2021
146995,2021
147036,2014
147054,2021
147072,2021
147134,2021
147161,2021
147205,2015
147241,2011
147358,2018
147465,2021
147526,2021
147580,2021
147633,2021
147660,2019
147713,2010
147786,2021
147884,2016
147937,2012
148006,2021
148097,2020
148131,2021
148202,2008
148293,2014
148328,2012
148382,2017
148426,2021
148453,2020
148514,2020
148612,2008
148667,2019
148694,2018
148729,2019
148765,2021
148872,2021
148916,2021
148970,2021
149049,2019
149101,2018
149138,2017
149183,2021
149227,2021
149290,2017
149316,2018
149370,2016
149414,2021
149502,2013
149539,2016
149584,2020
149655,2008
149682,2017
149753,2021
149780,2021
149833,2021
149851,2019
149931,2020
149968,2020
150043,2018
150070,2021
150114,2008
150178,2019
150196,2021
150221,2021
150258,2021
150294,2019
150310,2020
150356,2019
150418,2008
150445,2021
150524,2021
150588,2021
150702,2021
150766,2011
150891,2021
150935,2021
150980,2020
151022,2021
151077,2008
151095,2017
151120,2021
151157,2017
151246,2021
151344,2016
151433,2016
151442,2020
151451,2008
151460,2021
151479,2021
151488,2019
151497,2016
151503,2021
151512,2021
151521,2021
151530,2010
151549,2021
151558,2018
151567,2018
151576,2020
151585,2017
151683,2013
151709,2020
151736,2015
151763,2019
151790,2016
151816,2014
151834,2021
151870,2008
151905,2019
151932,2015
151978,2014
151996,2021
152038,2021
152083,2021
152127,2020
152172,2012
152234,2019
152252,2021
152270,2015
152314,2008
152332,2019
152350,2013
152412,2012
152467,2013
152500,2021
152528,2017
152564,2011
152582,2012
152617,2021
152662,2012
152724,2020
152760,2021
152797,2021
152868,2018
152902,2016
152948,2013
152993,2021
153026,2011
153062,2021
153106,2021
153124,2021
153151,2018
153204,2019
153240,2021
153277,2018
153295,2012
153339,2021
153384,2021
153400,2014
153437,2008
153473,2011
153507,2021
153543,2021
153561,2016
153589,2019
153605,2016
153623,2019
153696,2021
153776,2017
153829,2021
153865,2017
153909,2008
153936,2017
153972,2015
154013,2018
154068,2021
154139,2017
154166,2021
154184,2017
154228,2021
154282,2012
154308,2021
154344,2017
154380,2018
154415,2019
154460,2010
154497,2021
154521,2021
154585,2019
154665,2014
154709,2020
154736,2017
154754,2018
154790,2021
154834,2021
154852,2020
154914,2021
154932,2018
154978,2008
154996,2021
155083,2019
155092,2019
155109,2019
155118,2013
155127,2021
155136,2018
155145,2021
155154,2017
155243,2019
155261,2019
155289,2021
155314,2020
155350,2009
155403,2010
155458,2008
155494,2019
155528,2011
155546,2012
155591,2018
155662,2010
155724,2017
155760,2017
155797,2010
155840,2016
155911,2021
155957,2019
156035,2021
156106,2021
156151,2013
156213,2017
156259,2008
156277,2015
156311,2021
156357,2021
156437,2008
156473,2013
156534,2019
156589,2021
156623,2019
156669,2012
156712,2020
156767,2020
156801,2016
156927,2015
157004,2016
157031,2016
157086,2014
157193,2020
157246,2020
157273,2015
157317,2021
157362,2020
157424,2021
157451,2019
157497,2019
157530,2010
157585,2021
157683,2019
157736,2020
157781,2011
157834,2021
157898,2016
157923,2021
157969,2009
158010,2009
158065,2009
158109,2019
158136,2008
158181,2018
158243,2021
158314,2019
158396,2019
158449,2021
158528,2008
158564,2021
158608,2008
158653,2021
158699,2021
158733,2009
158779,2008
158804,2021
158859,2013
158895,2011
158966,2021
159035,2021
159071,2010
159142,2021
159213,2021
159259,2014
159339,2014
159366,2015
159375,2017
159384,2021
159393,2008
159400,2020
159419,2008
159428,2021
159437,2019
159446,2015
159455,2018
159464,2021
159473,2014
159482,2012
159491,2018
159507,2017
159516,2021
159525,2016
159614,2008
159650,2020
159687,2014
159730,2014
159767,2011
159785,2020
159847,2021
159883,2016
159945,2014
159963,2015
160047,2010
160092,2014
160127,2016
160172,2011
160225,2017
160261,2016
160305,2017
160323,2020
160387,2021
160430,2017
160476,2021
160528,2015
160564,2021
160617,2017
160644,2008
160680,2019
160724,2008
160779,2015
160831,2015
160877,2021
160911,2010
160993,2012
161035,2021
161053,2021
161106,2020
161133,2015
161151,2019
161179,2016
161231,2021
161259,2011
161286,2011
161302,2017
161348,2016
161384,2017
161464,2011
161482,2015
161525,2021
161543,2019
161552,2021
161561,2012
161794,2008
161829,2008
161856,2011
161945,2009
162014,2016
162069,2021
162149,2013
162194,2021
162327,2021
162381,2021
162452,2021
162498,2021
162559,2017
162595,2021
162693,2013
162871,2020
162924,2020
163002,2021
163057,2012
163137,2019
163208,2008
163253,2013
163324,2021
163379,2013
163486,2019
163618,2021
163681,2012
163734,2012
163789,2021
163832,2020
163903,2018
163967,2016
164062,2019
164133,2018
164197,2020
164277,2020
164339,2021
164393,2016
164543,2021
164598,2019
164687,2021
164749,2019
164829,2015
164892,2010
164936,2021
164981,2016
165069,2021
165130,2010
165185,2013
165274,2020
165336,2021
165416,2021
165470,2015
165611,2020
165719,2021
165817,2019
165899,2020
165979,2021
166057,2021
166137,2020
166182,2021
166235,2021
166315,2010
166413,2018
166529,2021
166636,2017
166672,2020
166707,2021
166770,2019
166869,2021
166985,2020
167035,2019
167071,2021
167179,2016
167222,2021
167231,2012
167240,2021
167259,2016
167268,2019
167277,2018
167286,2018
167295,2020
167302,2020
167311,2019
167320,2021
167473,2011
167641,2008
167696,2019
167794,2012
167909,2016
167981,2016
168041,2019
168130,2021
168229,2015
168309,2021
168372,2021
168452,2011
168559,2017
168602,2021
168675,2020
168755,2020
168791,2021
168880,2021
168960,2009
169039,2021
169119,2021
169182,2021
169253,2016
169306,2008
169351,2015
169404,2021
169547,2012
169583,2010
169681,2017
169896,2020
169994,2021
170097,2011
170168,2008
170220,2009
170346,2021
170444,2015
170514,2016
170612,2019
170685,2008
170792,2020
170872,2016
170952,2019
171021,2021
171067,2016
171101,2021
171209,2015
171272,2021
171325,2021
171469,2019
171539,2018
171628,2021
171806,2021
171879,2014
171931,2015
171995,2011
172082,2019
172153,2021
172279,2020
172340,2021
172377,2021
172457,2019
172509,2016
172581,2021
172698,2010
172812,2015
172894,2020
172947,2017
172992,2010
173061,2021
173132,2013
173230,2021
173374,2020
173533,2021
173597,2015
173686,2017
173748,2020
173793,2021
173855,2021
173935,2017
174021,2021
174085,2021
174156,2016
174218,2019
174254,2015
174290,2018
174496,2016
174502,2021
174511,2018
174520,2020
174744,2009
174780,2019
174824,2020
174860,2021
174922,2008
175019,2021
175055,2008
175126,2021
175206,2010
175224,2014
175260,2011
175368,2009
175439,2015
175466,2012
175509,2011
175590,2016
175670,2008
175732,2016
175787,2018
175885,2019
175938,2010
175983,2021
176150,2021
176212,2019
176301,2016
176338,2021
176445,2021
176506,2014
176551,2020
176613,2014
176686,2015
176748,2021
176793,2021
176855,2018
176891,2016
176944,2018
177003,2020
177101,2021
177236,2021
177263,2017
177352,2016
177405,2018
177469,2020
177557,2010
177600,2019
177655,2019
177726,2021
177762,2012
177799,2021
177842,2021
177879,2018
177986,2021
178046,2018
178117,2011
178180,2008
178279,2015
178313,2012
178377,2015
178475,2017
178545,2013
178607,2021
178689,2018
178750,2014
178821,2020
178885,2021
178894,2016
178901,2021
178910,2014
178929,2014
178938,2021
178947,2017
178956,2013
178965,2011
179132,2009
179221,2021
179249,2020
179285,2021
179310,2021
179347,2020
179383,2016
179409,2020
179463,2017
179481,2019
179515,2021
179533,2021
179551,2021
179588,2021
179604,2021
179613,2021
179622,2021
179631,2021
179640,2019
179659,2021
179677,2008
179686,2021
179695,2014
179702,2019
179711,2021
179720,2012
179739,2021
179748,2020
179757,2020
179766,2015
179775,2021
179784,2019
179793,2020
179800,2020
179819,2017
179828,2021
179837,2021
179846,2020
179855,2014
179864,2021
179873,2017
179882,2014
179891,2019
179908,2014
179917,2017
179926,2013
179935,2021
179944,2021
179953,2012
179962,2020
179971,2010
179980,2021
179999,2020
180000,2015
180019,2021
180028,2016
180037,2021
180046,2020
180055,2014
180064,2008
180091,2016
3841,2010
40035,2019
111587,2015
48165,2010
160458,2011
162791,2011
70968,2017
88216,2019
